min,max,mean,var,std
0.0,154.31273,49.727455,1474.605,38.400585
0.0,7658.795,1088.4279,1413065.5,1188.7244
0.0,87.51454,27.272375,344.64542,18.564629
0.0,140.53696,55.765858,1159.1678,34.046555
0.0,7158.271,1566.143,1864882.9,1365.6072
0.0,84.60657,34.92353,346.48993,18.61424
0.0,145.27138,49.44565,1287.8184,35.88619
0.0,6485.624,1210.9814,1429549.8,1195.6378
0.0,80.53337,29.977789,312.31366,17.672398
0.0,159.52963,60.4027,918.73737,30.31068
0.0,6588.245,2154.7969,2103762.0,1450.435
0.0,81.16801,43.272083,282.32373,16.802492
1.2420977,160.36473,73.114975,943.1045,30.710007
15.155871,6790.4033,2251.4055,2469839.0,1571.5721
3.8930542,82.4039,44.052708,310.76456,17.628515
0.0,157.45982,61.147335,947.84454,30.787085
0.0,7100.5015,2191.292,2374842.2,1541.0522
0.0,84.26447,43.38588,308.9574,17.577185
0.0,150.3571,53.409412,1406.6176,37.5049
0.0,7084.4253,1848.4846,2396356.5,1548.017
0.0,84.16903,38.050495,400.6444,20.016104
0.0,150.88731,54.474957,1251.075,35.370537
0.0,6982.008,2069.358,2388682.2,1545.5363
0.0,83.55841,41.146797,376.29886,19.398424
0.0,154.84195,52.082546,1406.8616,37.508156
0.0,7382.8643,1795.2021,2330206.2,1526.5013
0.0,85.92359,37.59672,381.6887,19.536854
0.0,239.00006,48.13235,2294.8967,47.90508
0.0,8906.178,1449.0345,2881777.5,1697.5798
0.0,94.37255,30.434605,522.76935,22.864151
0.0,218.30527,47.95413,1896.5277,43.54914
0.0,10667.748,1817.0868,3374625.5,1837.0154
0.0,103.28479,36.812695,461.91223,21.492144
0.0,236.34964,46.780273,1928.6973,43.916935
0.0,9884.916,1556.1663,2819623.0,1679.1733
0.0,99.42291,32.845932,477.31097,21.847448
0.0,230.04712,59.08697,1645.5001,40.564766
0.0,11472.869,3018.0837,5668308.5,2380.821
0.0,107.11148,50.247967,493.22568,22.208685
0.17100127,216.0448,73.56698,2078.487,45.590427
1.7043549,11867.038,3685.134,5584836.0,2363.2258
1.3055094,108.935936,57.103733,424.29773,20.598488
0.0,180.01114,62.97265,1768.1372,42.049225
0.0,12611.89,3253.7625,6288354.5,2507.6592
0.0,112.302666,52.321423,516.23096,22.720716
0.0,207.85683,41.19754,1211.8065,34.811012
0.0,9877.07,1983.0973,4461991.0,2112.3425
0.0,99.38345,37.88836,547.5696,23.400206
0.0,210.33737,50.19548,1508.074,38.833927
0.0,11760.143,2950.7964,6888027.5,2624.5051
0.0,108.44419,47.82338,663.7209,25.762781
0.0,212.20787,41.51048,1384.0009,37.20216
0.0,9551.642,1900.1595,3968979.2,1992.2297
0.0,97.7325,37.1495,520.07404,22.805132
1.8153735,255.0,168.4583,4301.5947,65.58655
0.0,10185.138,2207.66,3759130.2,1938.8477
0.0,100.92144,41.04765,522.7506,22.86374
19.228924,254.17143,167.71097,3112.367,55.78859
0.14204082,12579.444,3225.4468,5094884.0,2257.185
0.37688303,112.15812,52.628223,455.71707,21.34753
0.21138649,255.0,167.47122,3970.2888,63.010227
0.0,9831.453,2453.0696,3991634.5,1997.9075
0.0,99.15369,44.47546,475.00284,21.79456
25.042587,242.62633,142.55785,1993.4802,44.648407
19.178679,11938.727,4334.4023,5066149.5,2250.8108
4.379347,109.26448,63.652615,282.7469,16.815079
33.16325,230.1479,133.74455,1609.5847,40.11963
290.4951,11505.84,4486.1294,3592017.8,1895.262
17.043917,107.26528,65.50057,195.80455,13.993018
28.301937,242.9391,141.27267,1999.4434,44.715134
161.92583,11331.7705,4221.3833,4993869.5,2234.6968
12.725008,106.45079,62.681946,292.35696,17.098448
23.31789,248.62952,146.49095,2346.4124,48.43978
3.0312912,12502.666,3631.6687,7271950.5,2696.6555
1.7410604,111.81532,55.817192,516.10986,22.718052
18.362778,252.26808,137.84167,2289.7969,47.85182
36.968403,13136.069,4114.845,7059966.0,2657.0596
6.0801644,114.61269,60.50004,454.59067,21.321133
28.94414,251.27362,148.74864,2621.534,51.200916
72.224556,12271.679,3358.7773,6126652.0,2475.2075
8.498504,110.77761,53.93783,449.48782,21.201128
0.014307528,0.1593734,0.048033923,0.0005208484,0.022822103
0.004460303,0.10304288,0.029685274,0.00010626418,0.010308452
0.0038655961,0.07199047,0.027000526,6.009594e-05,0.0077521573
0.0047576567,0.05447814,0.026592946,5.40704e-05,0.007353258
0.008513536,0.050772265,0.025671555,5.707068e-05,0.007554514
0.0076621827,0.045993883,0.023713164,4.487168e-05,0.0066986326
0.005117566,0.060183488,0.021271251,4.1175488e-05,0.006416813
0.0056616343,0.04801575,0.019511871,3.3730565e-05,0.005807802
0.0059946715,0.12191496,0.025177393,0.00016154179,0.012709909
0.0049792533,0.18703538,0.02635953,0.00019987237,0.014137623
0.008298756,0.08943275,0.020509344,3.8625312e-05,0.0062149265
0.0058091288,0.044880174,0.0227771,4.158016e-05,0.006448268
0.008028546,0.045724336,0.02432646,4.552827e-05,0.006747464
0.0065417783,0.05923168,0.02586195,6.615275e-05,0.008133434
0.0074338387,0.062330622,0.027334899,8.121335e-05,0.009011845
0.0062444247,0.068554625,0.028457774,8.531585e-05,0.009236658
0.0050550103,0.07841301,0.030406471,9.218011e-05,0.009601047
0.010407374,0.14404903,0.046715155,0.00037442567,0.019350082
0.013381747,0.18014643,0.04912813,0.0005729425,0.023936218
0.0035682425,0.1,0.03171365,0.00015545283,0.012468073
0.002676182,0.069148935,0.029245717,8.658799e-05,0.009305267
0.002676182,0.060687687,0.028466323,6.747322e-05,0.008214208
0.005947071,0.054032642,0.027072018,6.5012886e-05,0.008063057
0.0056497175,0.0504264,0.025146056,5.0249488e-05,0.0070886873
0.0074338387,0.045064636,0.02249395,3.6132085e-05,0.006010997
0.005352364,0.049541283,0.020000225,2.966666e-05,0.005446711
0.005133219,0.14927149,0.02516841,0.00016912806,0.013004925
0.0042876904,0.1632471,0.025957542,0.00020544906,0.014333494
0.0049792533,0.06484447,0.019807525,3.808961e-05,0.0061716777
0.004149378,0.04497908,0.021718986,4.1858704e-05,0.0064698304
0.0042876904,0.047244094,0.023102002,4.710997e-05,0.0068636704
0.0066405586,0.057648197,0.024726955,6.660841e-05,0.008161398
0.0065417783,0.062992126,0.02592217,6.751298e-05,0.008216628
0.004460303,0.06562862,0.026714748,6.6162844e-05,0.008134055
0.0038655961,0.0638262,0.028676398,6.580889e-05,0.008112268
0.011002081,0.123487346,0.045532618,0.00035350744,0.018801793
0.6703894,0.99637336,0.8624682,0.003687112,0.06072159
19.952637,159.18921,92.703354,856.6606,29.268764
208.6967,3754.6265,1317.9352,573841.5,757.52325
14.446339,61.275005,34.854702,103.08479,10.153068
19.931885,159.18237,92.697655,856.65704,29.268705
198.48283,3722.4348,1287.3108,565765.3,752.1737
14.088393,61.01176,34.407867,103.40941,10.169042
19.987793,159.1753,92.73181,857.704,29.286585
234.90149,4157.401,1464.4465,689260.2,830.217
15.326496,64.477905,36.80693,109.69634,10.473602
20.303467,159.17749,92.85524,859.5347,29.317823
285.66345,4674.1523,1691.9617,863715.8,929.3631
16.90158,68.367775,39.66563,118.59935,10.890333
20.76709,159.17725,93.04361,861.43274,29.350174
336.94318,5126.2974,1900.2476,1036534.1,1018.1032
18.356012,71.59817,42.112724,126.76594,11.259038
19.95166,159.19043,92.70271,856.5613,29.267069
204.71683,3780.671,1310.6606,570264.25,755.15845
14.307929,61.48716,34.749584,103.126976,10.155146
19.93335,159.18384,92.692345,856.1978,29.260859
182.78596,3688.3293,1238.7128,535829.4,732.00366
13.519836,60.731617,33.71383,102.09043,10.103981
19.949707,159.17896,92.70227,856.5489,29.266857
199.40576,3995.0566,1332.3038,595188.06,771.4843
14.121111,63.20646,35.038,104.642395,10.229486
20.078125,159.17432,92.73716,857.2003,29.277983
223.49637,4358.527,1459.5403,679685.7,824.43054
14.949795,66.01914,36.75509,108.60375,10.421312
20.295654,159.18262,92.79607,858.13965,29.29402
247.7805,4668.9473,1575.4327,760320.9,871.9638
15.741045,68.3297,38.250103,112.36224,10.600106
19.958252,159.1897,92.702805,856.3157,29.262873
203.0494,3777.519,1306.0737,565514.44,752.0069
14.24954,61.461525,34.68425,103.07652,10.152661
19.95044,159.17822,92.6879,855.56335,29.250013
157.987,3597.0378,1198.9283,508381.16,713.00854
12.569288,59.97531,33.136127,100.925385,10.046163
19.952637,159.18188,92.69098,855.4991,29.248917
182.8492,3798.5718,1252.6112,537281.2,732.9947
13.522174,61.632553,33.925766,101.65351,10.082336
20.029541,159.17554,92.70405,855.51715,29.249226
198.8367,4053.9253,1335.176,584163.6,764.30597
14.100946,63.670444,35.096943,103.3807,10.16763
20.145996,159.17505,92.72679,855.66113,29.251686
215.01135,4271.4595,1410.6937,628305.56,792.6573
14.663265,65.3564,36.13296,105.10277,10.251964
19.974121,159.19409,92.70466,856.20953,29.261059
209.48073,3786.7705,1328.5282,573291.44,757.1601
14.473449,61.536743,35.002647,103.34286,10.165769
19.981445,159.18213,92.6972,855.56476,29.250038
183.48021,3688.8926,1272.4983,542007.1,736.21136
13.545486,60.736256,34.2045,102.55064,10.126729
19.98999,159.17822,92.71695,855.3803,29.246885
210.26782,4003.247,1386.9773,601484.8,775.5545
14.500614,63.271217,35.809616,104.64882,10.2298
20.080078,159.18042,92.77396,855.18884,29.243612
239.47713,4375.939,1534.4729,682127.1,825.9099
15.475048,66.15088,37.775036,107.519615,10.369166
20.268555,159.17236,92.859604,855.20844,29.243946
268.9262,4689.947,1666.5103,755575.75,869.2386
16.39897,68.483185,39.453167,109.95778,10.486075
19.985107,159.18677,92.705894,856.227,29.261356
213.74913,3762.485,1344.1836,578450.4,760.55927
14.620162,61.3391,35.225456,103.350716,10.166155
20.006836,159.17798,92.7071,855.64264,29.25137
208.82741,3724.1501,1340.8042,574610.56,758.0307
14.450862,61.025814,35.17069,103.8268,10.189544
20.020752,159.17065,92.79054,855.17377,29.243355
267.57773,4160.2065,1561.3843,692414.6,832.11456
16.357803,64.499664,38.1183,108.37924,10.410535
20.13086,159.16821,93.020226,854.6926,29.235126
341.69934,4786.6787,1832.1956,843693.0,918.52765
18.485111,69.18583,41.45764,113.459435,10.651734
20.356445,159.16992,93.335625,854.24664,29.227499
417.7259,5389.9966,2077.835,986038.9,992.99493
20.438343,73.416595,44.273483,117.693504,10.848663
19.968506,159.1919,92.704384,856.22955,29.2614
205.97453,3692.7075,1326.8147,571721.9,756.1229
14.351812,60.76765,34.980568,103.17464,10.157492
19.977295,159.18604,92.69704,855.6141,29.250881
175.13617,3487.2905,1268.937,538553.75,733.86224
13.233902,59.053284,34.15789,102.17548,10.108189
19.99707,159.17944,92.71584,855.4349,29.247818
227.78726,3629.1328,1380.5214,596204.75,772.14294
15.092623,60.242287,35.727367,104.07661,10.201795
20.098145,159.17993,92.77355,855.3527,29.246414
265.50134,3964.4998,1524.7324,675450.6,821.85803
16.294212,62.96427,37.655487,106.79661,10.334245
20.260742,159.17603,92.86052,855.46674,29.248362
294.7621,4408.4204,1653.8615,748042.1,864.8943
17.168636,66.395935,39.30304,109.1325,10.4466505
19.960205,159.18896,92.702354,856.34454,29.263365
201.77333,3640.7185,1303.5923,563792.0,750.86084
14.204694,60.338367,34.6504,102.94214,10.146041
19.942627,159.17822,92.68716,855.64636,29.251434
152.17392,3306.4006,1194.0056,504004.6,709.9328
12.335879,57.501312,33.067177,100.56759,10.028339
19.957764,159.18237,92.689735,855.6279,29.251118
180.2396,3359.494,1244.6711,530787.8,728.5519
13.425334,57.96114,33.816715,101.101006,10.054899
20.04248,159.17432,92.70267,855.7366,29.252975
222.88927,3610.5542,1324.4775,576900.0,759.53937
14.929477,60.087887,34.9533,102.74424,10.136283
20.142334,159.17969,92.72499,856.03406,29.258059
238.19109,3817.5195,1397.7938,620990.5,788.02954
15.43344,61.78608,35.963146,104.44589,10.219877
19.950195,159.18848,92.70222,856.57513,29.267303
212.3386,3686.3425,1309.1046,568800.44,754.1886
14.571842,60.71526,34.729465,102.96894,10.147362
19.926758,159.1831,92.69153,856.2817,29.262291
183.11731,3479.6309,1235.4927,532720.0,729.8767
13.532084,58.988396,33.670498,101.79023,10.089114
19.948975,159.18726,92.699875,856.6413,29.268435
228.60199,3606.6853,1326.6235,590714.8,768.5797
15.11959,60.055687,34.962482,104.2483,10.210206
20.101562,159.17773,92.733475,857.3856,29.281149
267.24048,3918.192,1451.6421,675524.3,821.90283
16.347492,62.595463,36.651867,108.28259,10.405892
20.314941,159.18213,92.790405,858.42267,29.298851
303.11792,4213.6753,1565.7345,756692.9,869.881
17.410282,64.91283,38.12619,112.12821,10.589061
0.0,0.32682925,0.09390842,0.0068724174,0.08290004
0.0,0.30287206,0.06376572,0.0032770627,0.057245634
0.0,0.09090909,0.019424992,0.00039246466,0.019810721
0.0,0.10222222,0.019108409,0.00031220805,0.01766941
0.0,0.12276786,0.022743557,0.00045472867,0.021324368
0.0,0.057208236,0.010760564,0.00014043979,0.01185073
0.0,0.0668693,0.0077226013,7.760056e-05,0.008809118
0.0,0.115720525,0.009868619,0.0001461434,0.012088979
0.0,0.035443038,0.006642187,4.7901318e-05,0.0069210776
0.0,0.027713627,0.0045095515,2.63984e-05,0.005137937
0.0,0.07769424,0.005485858,6.066431e-05,0.00778873
0.0,0.030379746,0.0038858252,2.1185855e-05,0.0046028094
0.0,0.029850746,0.0033864467,1.9673174e-05,0.004435445
0.0,0.023465704,0.0034090085,1.9468247e-05,0.0044122837
0.0,0.02077922,0.0037163878,1.8487484e-05,0.0042997077
0.0,0.043252595,0.010235848,6.956298e-05,0.008340443
0.0,0.047058824,0.0051229517,3.604105e-05,0.00600342
0.0,0.025316456,0.0038768041,2.3079709e-05,0.004804135
0.0,0.04881657,0.012086959,9.149025e-05,0.0095650535
0.0,0.038265307,0.0063092927,4.3549568e-05,0.0065992097
0.0,0.023206752,0.0041531813,2.2259575e-05,0.0047180057
0.0,0.046332046,0.008262113,4.362274e-05,0.006604751
0.0,0.04347826,0.011598815,7.348275e-05,0.008572208
0.0,0.0407767,0.0065130624,4.994219e-05,0.007066979
0.0,0.03153153,0.0053935116,2.6061187e-05,0.005105016
0.0,0.042767294,0.008949275,5.3414078e-05,0.0073084934
0.0,0.03760282,0.0066630463,5.3173386e-05,0.0072920085
0.0,0.051878355,0.008941572,9.6354815e-05,0.009816049
0.0,0.08170515,0.013776604,0.00021909601,0.0148018915
0.0,0.27906978,0.034981567,0.0016000135,0.04000017
0.0,0.35748032,0.08491959,0.005690071,0.07543256
0.0,0.104477614,0.014494725,0.0003149077,0.017745638
0.0,0.039039038,0.0077486173,6.588077e-05,0.008116697
0.0,0.09232955,0.010739647,0.00017618126,0.0132733295
0.0,0.03018868,0.004651798,3.3195705e-05,0.005761571
0.0,0.042975206,0.009363143,8.369228e-05,0.009148348
0.0,0.2877698,0.040233593,0.002262044,0.047560953
0.0,0.039337475,0.0051289992,4.064947e-05,0.0063756937
0.0,0.034313727,0.003875303,2.655916e-05,0.005153558
0.0,0.06692161,0.005446144,4.9879964e-05,0.007062575
0.0,0.039702233,0.0050823377,4.627732e-05,0.0068027438
0.0,0.039337475,0.0038027025,2.9226478e-05,0.005406152
0.0,0.029279279,0.0029355783,2.0939378e-05,0.0045759566
0.0,0.19553073,0.031516284,0.0015554922,0.03943973
0.0,0.06593407,0.0116700325,0.0001437104,0.011987926
0.0,0.046341464,0.0036961315,3.2565637e-05,0.005706631
0.0,0.03686636,0.0028828187,2.1010139e-05,0.004583682
0.0,0.026936026,0.0030806568,1.6881124e-05,0.0041086646
0.0,0.043771043,0.004348982,4.3713713e-05,0.0066116345
0.0,0.04347826,0.0030797555,2.4841387e-05,0.0049841134
0.0,0.053892214,0.0032219545,2.3769539e-05,0.0048754015
0.0,0.047138046,0.004722772,4.390063e-05,0.0066257548
0.0,0.083879426,0.0065610083,0.00013595058,0.011659785
0.0,0.08781127,0.0073511507,0.00016063343,0.012674124
0.0,0.051764704,0.008493089,8.857328e-05,0.009411338
0.0,0.05916306,0.011237135,0.00011459597,0.01070495
0.0,0.08235294,0.012140231,0.00014071693,0.011862417
0.0,0.053398058,0.01382973,0.00015406575,0.012412323
0.005875441,1.0,0.24854334,0.039146464,0.19785465
0.12320099,40.122334,7.6019025,51.948647,7.207541
0.13250437,31.246773,6.683823,40.21587,6.3415985
0.16680966,44.307816,7.355367,42.233986,6.498768
0.12317244,41.536373,8.522658,63.47324,7.9670095
0.38398853,37.805634,10.581909,42.75837,6.5389886
0.37372923,35.4602,9.811166,39.431946,6.279486
0.407409,34.750465,9.197838,35.285446,5.940155
0.748641,37.79152,11.255051,46.061512,6.7868633
1.4267665,41.805836,12.497575,46.37963,6.8102593
0.6597165,47.36794,13.237965,74.48705,8.630589
0.8142706,53.41372,13.225876,70.9468,8.422993
0.95701325,50.53011,12.977763,51.589924,7.1826124
0.259361,40.67658,7.000834,30.339159,5.5080996
0.18834153,33.943348,6.319358,33.3687,5.7765646
0.19343345,40.53958,6.116278,30.714338,5.542052
0.19530681,36.456573,6.982286,31.543013,5.616317
0.1835819,37.246754,6.1169004,37.64749,6.135755
0.18711405,33.39078,5.5644326,32.71835,5.7199955
0.23180236,51.058315,6.0233464,32.216766,5.6759815
0.1835819,58.456882,6.908953,48.544315,6.967375
0.3622241,41.36257,8.363293,32.1711,5.6719575
0.48048472,32.407516,7.5633783,24.876387,4.987623
0.5362372,31.156055,7.1051555,22.587206,4.7526
0.40852118,30.751968,8.926921,38.14109,6.1758475
0.9150038,38.619576,9.926896,33.186783,5.760797
0.69129825,40.2283,10.010821,37.024082,6.0847416
0.7634901,38.392063,10.230415,42.398224,6.511392
0.7694465,31.895908,9.778542,30.920208,5.560594
0.30166852,23.94962,5.6501455,18.318747,4.2800403
0.22254285,26.63741,5.069856,20.063814,4.479265
0.2774255,27.192041,4.9867463,18.541286,4.305959
0.28698006,23.817066,5.312711,16.720856,4.089114
0.21378908,33.07804,5.404695,34.08034,5.837837
0.18941827,49.114086,4.8996367,30.563694,5.528444
0.23538809,67.136734,5.210501,30.29116,5.5037403
0.21378908,53.531975,6.001641,43.738426,6.6135035
0.36989695,34.910866,7.2524056,26.742712,5.1713357
0.51873904,27.007687,6.4415383,19.068665,4.3667684
0.5401585,31.343994,6.1165624,18.3006,4.2779202
0.40206954,64.42865,7.78075,46.096485,6.789439
0.80059594,36.277084,8.700249,29.106756,5.3950677
0.56865996,42.62687,8.511588,29.482363,5.429766
0.5922554,33.809364,8.81443,32.998325,5.7444167
0.61093944,38.32124,8.414255,30.018366,5.478902
0.3496502,25.031086,5.1245885,15.942816,3.9928455
0.2049047,22.881845,4.513321,15.896074,3.986988
0.2952705,28.06465,4.4754415,15.308098,3.9125564
0.31942058,27.539936,4.6242847,13.928667,3.7321131
0.25651535,39.173195,5.3768992,38.2253,6.182661
0.20840068,61.557465,4.885676,35.801235,5.983413
0.25452024,44.71242,5.1000857,27.921131,5.2840447
0.25651535,44.011444,5.845994,42.680016,6.5329943
0.43157095,31.75554,7.2501264,30.976532,5.565656
0.6114137,29.855698,6.4168954,21.023312,4.5851183
0.62594694,45.724342,6.128943,23.228235,4.819568
0.4670207,52.65807,7.647553,47.69318,6.906025
0.8070698,43.277527,8.859722,37.04274,6.0862746
0.6110057,43.848137,8.446106,33.13767,5.7565327
0.63704324,39.03044,8.754264,37.58448,6.130618
0.638686,33.970062,8.387573,34.754112,5.895262
0.42176515,24.381897,5.3246303,18.863176,4.343176
0.21571179,26.098763,4.617232,17.856152,4.225654
0.32811713,29.434105,4.5722213,16.761118,4.094034
0.3419525,24.579905,4.7220197,16.475933,4.059056
0.28843078,36.222996,6.292069,31.093021,5.576112
0.2550042,23.830366,6.0609136,25.217417,5.0216947
0.24667838,31.327063,6.8052673,27.026005,5.198654
0.29340014,30.903633,7.1936183,35.90758,5.9922934
0.7098824,34.17502,9.457009,33.513596,5.789093
0.7831607,32.38736,8.868693,30.16239,5.4920297
0.7154568,45.39874,9.649744,40.086266,6.3313713
0.82725286,56.608116,9.662269,40.08793,6.331503
1.3014697,50.896564,11.762277,40.943474,6.398709
1.1259482,45.272663,11.455427,52.444443,7.2418537
1.0935485,68.11877,13.610447,118.79834,10.899466
0.90211076,48.342358,11.179797,45.984386,6.781179
0.58264786,38.99452,6.632794,27.592735,5.2528787
0.29902372,41.676918,7.281846,45.208004,6.72369
0.41864824,25.162083,5.426955,21.030676,4.5859213
0.5175067,38.105907,6.5385723,29.27856,5.410967
0.22961223,26.602745,5.0378737,22.73305,4.7679186
0.19724356,23.430178,4.966478,20.986115,4.5810604
0.21551657,25.84818,5.4310594,19.49066,4.4148226
0.23561493,21.932533,5.819283,25.775362,5.0769444
0.5000533,39.15868,7.475771,24.434214,4.9430976
0.56849974,24.88093,7.0312185,19.94612,4.466108
0.6286149,29.711592,7.3364525,22.464285,4.7396502
0.45381963,39.457348,7.4915543,26.558537,5.1534977
0.73591846,40.611633,9.263376,29.92951,5.470787
0.7099097,44.519863,8.949233,32.32502,5.6855097
0.7967889,44.6094,10.578783,63.28358,7.9550977
0.7732055,30.178528,8.420478,25.816572,5.0810013
0.3589374,27.547276,5.342722,18.279272,4.2754264
0.19246945,31.311533,5.6001453,21.7157,4.660011
0.34076625,27.816833,4.5057335,14.524823,3.8111446
0.4063031,23.447262,5.0943575,15.135874,3.890485
0.1707363,21.463236,4.3802323,20.281326,4.5034795
0.15366338,21.522284,4.2424917,17.28086,4.1570253
0.17867292,24.480446,4.631646,15.847821,3.9809322
0.2306856,36.315178,5.1439934,25.968523,5.095932
0.4026973,38.405525,6.4839416,20.49104,4.526703
0.47103167,28.514353,6.0069165,15.378013,3.921481
0.5249256,28.349838,6.284581,18.380377,4.287234
0.43117598,41.94709,6.5848007,26.801662,5.1770325
0.5736771,31.724648,8.076154,25.475056,5.047282
0.53762364,37.19579,7.736229,25.424753,5.0422964
0.571899,35.50404,9.022759,44.74217,6.6889586
0.57668847,29.685863,7.480403,24.15877,4.9151573
0.2638083,25.728975,4.7912207,15.330545,3.915424
0.14836486,22.194407,4.8901434,16.58095,4.0719714
0.2784093,30.378984,4.0806165,12.664496,3.5587213
0.32265908,19.291348,4.500734,12.47467,3.53195
0.19723535,23.409388,3.9394917,18.951258,4.3533044
0.1400719,24.264715,3.8313808,16.199038,4.0248027
0.16946964,20.341118,4.1233697,13.836188,3.7197027
0.2194227,29.61036,4.6224575,22.981627,4.7939157
0.3719601,31.321995,5.8748817,18.649044,4.318454
0.4480935,26.19479,5.4993877,13.432609,3.6650522
0.49375033,29.789589,5.7032986,16.928005,4.1143656
0.39430577,39.086433,6.0769405,25.567717,5.0564528
0.53016794,31.627947,7.5058455,25.63078,5.062685
0.4849914,34.51293,7.266514,24.63593,4.9634595
0.5061373,33.95796,8.120318,37.526676,6.125902
0.50538987,30.857878,6.9888425,24.337305,4.933285
0.21325015,23.053791,4.483086,14.320804,3.7842836
0.13038385,21.507782,4.429871,14.805979,3.847854
0.27412507,26.591158,3.8565722,11.550996,3.3986757
0.29675317,18.595375,4.1830826,12.232896,3.4975557
0.075082354,34.79929,5.4683504,29.303196,5.413243
0.079703525,26.92464,6.0544324,26.307903,5.129123
0.10132267,38.866104,6.7935762,29.402407,5.4223986
0.07509795,28.129082,6.3874245,31.70114,5.6303763
0.33834308,34.515743,9.271676,30.596119,5.531376
0.30982584,37.26855,9.657052,33.611954,5.7975817
0.31767696,47.16629,10.792332,67.57231,8.220238
0.3245112,45.732914,9.506637,45.986404,6.7813277
0.9403748,35.738884,11.257696,45.545086,6.7487097
0.92435586,70.672134,10.665718,52.853878,7.270067
0.90053743,71.41881,12.80457,110.769966,10.524732
0.9168563,41.727535,10.2512455,37.411552,6.1164985
0.3108663,32.35791,7.521947,45.740803,6.7631946
0.29188615,48.387856,7.4759183,46.31339,6.805394
0.2025525,24.763758,5.487276,17.589706,4.1940084
0.12693855,37.812065,6.700386,26.619661,5.1594243
0.106901884,23.207409,4.3452997,19.945494,4.4660378
0.10733292,23.844133,4.681069,18.513681,4.302753
0.14318515,31.747149,5.2566137,20.296001,4.5051084
0.106901884,21.969479,5.065967,22.13163,4.704427
0.23669286,25.920979,7.1943793,20.718119,4.551716
0.31567016,33.8745,7.432924,23.201365,4.8167796
0.3109018,37.890965,8.03351,37.101807,6.0911255
0.2118666,35.361687,7.31152,30.000198,5.477244
0.43417144,32.13976,8.857983,31.071957,5.5742226
0.47754902,49.05639,8.462816,31.233892,5.588729
0.6248333,46.023632,9.913328,58.587032,7.654217
0.66238797,30.192823,7.935154,24.794453,4.979403
0.17815408,26.416006,5.7285557,22.279171,4.720082
0.17194948,29.902683,5.6259637,20.72842,4.5528474
0.18572271,29.054811,4.3722696,12.241871,3.4988384
0.16916023,23.549387,5.111638,14.404274,3.7952962
0.1455568,20.859802,3.8190234,16.329643,4.0409956
0.14582524,23.18435,4.054806,15.211051,3.9001348
0.17668502,22.974047,4.529509,15.492644,3.9360697
0.1455568,23.2946,4.5775046,20.179392,4.492148
0.26061347,19.470419,6.2782393,16.791866,4.097788
0.29835716,24.159946,6.4318495,16.925598,4.1140733
0.3354865,35.361874,6.931287,28.044159,5.2956734
0.2652308,31.299858,6.4640937,24.557692,4.9555717
0.2848204,29.604149,7.8356843,25.820316,5.0813694
0.3960967,35.84602,7.4764194,23.429539,4.840407
0.4555389,36.253117,8.551374,41.092346,6.4103312
0.47006366,28.399961,7.1479497,21.542473,4.641387
0.10986559,23.849987,5.1333213,17.91145,4.232192
0.10967976,22.152166,4.9606705,15.62739,3.9531493
0.2414136,25.160965,4.0429773,11.342797,3.3679068
0.2303071,25.226933,4.637467,12.819827,3.5804787
0.18852484,21.166056,3.4217277,14.155813,3.7624211
0.18859515,26.975409,3.6421473,13.290502,3.6456141
0.22069937,20.356945,4.00506,12.570424,3.5454795
0.18852484,20.681057,4.162712,18.070797,4.250976
0.31893307,20.299349,5.679132,15.192007,3.8976924
0.33351636,22.304434,5.8229966,13.90727,3.7292452
0.37381777,33.48035,6.224941,23.132753,4.809652
0.320348,29.526415,5.9074583,21.402466,4.62628
0.30325758,28.441904,7.2846737,25.316889,5.031589
0.4113567,31.553373,6.984994,21.916351,4.6814904
0.4349358,33.09665,7.677125,33.460472,5.7845025
0.4428565,31.402317,6.6755786,21.417793,4.6279364
0.089269556,21.388424,4.69024,15.690565,3.9611318
0.08928624,19.999615,4.4577622,13.7042465,3.7019248
0.25674832,22.133755,3.758529,10.228537,3.1982083
0.29834202,22.483662,4.331657,12.363846,3.516226
0.32245103,33.35189,7.5945315,38.71241,6.22193
0.32543254,40.747696,9.203056,41.93829,6.475978
0.436589,41.168446,9.981475,46.259285,6.801418
0.3210926,45.747135,8.7871475,48.069798,6.9332385
0.76828575,40.591377,12.495312,49.91747,7.0652294
0.7467969,64.00034,13.864153,67.31626,8.204649
0.7192466,47.411312,13.402236,64.91473,8.056968
0.5852041,46.381435,12.974585,73.178665,8.554453
1.2918832,49.092495,13.187557,51.765255,7.1948075
1.4777849,38.504734,13.180962,55.26486,7.434034
1.2027222,42.918606,13.625912,54.881023,7.4081726
1.160916,42.945934,12.937307,49.327873,7.0233803
0.7844935,48.641804,11.702828,85.00335,9.219727
1.0466762,31.160463,10.22084,34.8725,5.9052944
0.6647277,34.499126,9.69369,41.146484,6.4145527
0.5171511,44.829617,10.682245,47.577213,6.8976235
0.2736328,32.049988,5.8760414,27.583328,5.251983
0.27347645,28.728704,6.7343965,26.339392,5.1321917
0.36650568,29.738926,7.3627,29.067516,5.39143
0.2736328,34.038723,6.875901,32.70263,5.7186213
0.48520723,36.754745,9.659375,33.756622,5.810045
0.570433,39.51215,10.420423,39.233944,6.2637005
0.6133899,37.782486,9.9429035,35.87159,5.9892898
0.4386454,39.077263,10.0834465,45.345562,6.7339115
0.6457421,42.310585,10.552645,37.620808,6.13358
0.837592,30.379435,10.516532,36.39729,6.0330167
0.97841924,33.41573,10.617024,34.12892,5.8419967
1.0618135,37.659626,10.160614,32.43252,5.694956
0.38231105,33.027977,8.409499,37.25003,6.10328
0.51517683,26.207777,7.3334656,18.921314,4.3498635
0.426744,28.320301,6.821242,21.203762,4.6047544
0.43295944,30.800741,7.644334,24.552475,4.955045
0.2306856,25.268852,5.0375996,22.76007,4.7707515
0.23066886,26.936071,5.6866956,22.17412,4.7089405
0.30898196,27.341408,6.145082,22.983652,4.794127
0.2306856,27.699642,5.9430227,27.874554,5.279636
0.3927985,31.701107,8.317093,28.249033,5.314982
0.4711734,32.674076,8.797453,29.639114,5.444182
0.5110481,30.032228,8.344863,25.833609,5.0826774
0.3829527,28.789677,8.673845,35.76443,5.980337
0.4970974,37.166695,9.377807,32.84696,5.7312264
0.5747707,28.647085,9.200994,29.542036,5.4352584
0.6243118,32.15138,9.125897,27.331305,5.227935
0.67228526,35.402134,8.917478,27.68088,5.261262
0.2534924,26.179092,7.119138,27.398706,5.2343774
0.32444245,21.289965,6.189568,15.346294,3.9174347
0.38223594,30.749914,5.7577434,17.598797,4.1950917
0.36498955,31.518694,6.4317975,19.300291,4.3932095
0.2194227,23.221193,4.485957,20.599491,4.5386662
0.2194888,24.14661,4.9986973,19.273127,4.3901167
0.26582232,22.931152,5.3513026,18.98612,4.3573065
0.2194227,22.713158,5.329423,24.964506,4.9964495
0.36865625,27.950933,7.6320567,26.684515,5.1657057
0.44497386,31.364433,7.933128,25.368671,5.036732
0.482271,26.696466,7.5318627,22.906748,4.7860994
0.37142697,27.82946,7.885908,32.02431,5.6590023
0.47014964,36.22285,8.911261,35.10185,5.924681
0.5075161,28.019657,8.574928,27.590956,5.2527094
0.5309291,30.576252,8.334777,25.564014,5.056087
0.5643541,37.039978,8.342023,28.530016,5.3413496
0.19392851,23.114508,6.356456,23.722956,4.8706217
0.21300751,20.728716,5.4969854,14.86577,3.8556154
0.39056885,28.676102,5.095915,16.31719,4.039454
0.3472737,29.581274,5.825469,18.516773,4.303112
0.12320055,49.40475,10.191086,74.96191,8.658054
0.12686379,60.671597,12.242159,80.394165,8.966279
0.16680966,45.041058,13.114631,82.56406,9.086476
0.123552874,52.96227,11.3267,78.48926,8.859417
0.42975628,66.12972,16.51916,114.58278,10.704334
0.39818415,75.75393,17.390837,96.46936,9.821881
0.39486504,62.232582,15.90819,94.53425,9.722873
0.34688842,68.41173,15.806994,103.92552,10.1943865
1.1489315,62.823433,16.70678,100.21435,10.010712
1.987988,54.353157,16.810293,82.97337,9.108973
1.3727114,46.948883,15.14953,74.047844,8.605105
1.2493786,61.857056,15.4325485,79.68256,8.926509
0.9591845,87.84396,16.01505,136.95097,11.702605
1.017227,55.48983,14.720503,89.887474,9.480901
0.6572591,61.392227,14.1293,100.014465,10.000723
0.19593255,61.281612,15.003422,106.51628,10.320672
0.1835819,38.837654,7.738367,49.512505,7.0365124
0.18443295,40.843594,8.816032,47.720654,6.908014
0.24589092,39.7822,9.446463,52.54406,7.2487283
0.1835819,37.974613,8.783013,54.101498,7.355372
0.3477352,44.722286,12.751082,70.21177,8.379247
0.5063897,57.06836,12.9598055,60.983757,7.80921
0.4852518,59.42258,11.996981,55.08671,7.4220424
0.31779417,62.502586,12.347363,70.54637,8.399189
0.893596,57.857353,13.627357,76.01845,8.718856
0.9174584,53.219795,13.385198,60.487007,7.7773395
1.0683272,61.065277,11.949096,54.506615,7.382859
1.074128,50.41544,12.138813,52.66405,7.257
0.57266974,44.934925,11.197505,58.14993,7.6256104
0.43529034,35.282326,9.951308,38.18291,6.179232
0.3802235,42.009914,9.465149,44.642643,6.681515
0.29048976,40.27116,10.402999,49.235355,7.016791
0.21378908,51.728954,6.647739,43.528522,6.597615
0.21391234,54.438507,7.4320536,41.462128,6.4391093
0.2863506,55.98793,7.9033594,46.22183,6.7986636
0.21378908,44.608673,7.5314045,45.951046,6.77872
0.36699075,46.13363,10.9219055,59.899487,7.7394757
0.5528078,50.857567,10.747712,47.760464,6.9108944
0.5209407,38.67014,9.980245,41.0242,6.4050136
0.36674786,52.624767,10.557062,55.058544,7.4201446
0.8024047,76.27762,12.055184,74.1043,8.608386
0.6368921,37.254944,11.485235,48.46648,6.961787
0.6917978,41.211174,10.196494,40.0965,6.3321795
0.7926151,42.489975,10.530292,43.143215,6.5683494
0.4512922,38.636795,9.053294,38.76053,6.2257953
0.3121581,34.50718,8.034175,27.378857,5.232481
0.3939288,33.9399,7.576003,31.246214,5.5898314
0.33833224,34.61808,8.406645,34.571312,5.8797374
0.25651535,43.795185,6.455864,45.24871,6.726716
0.25640237,44.932846,7.0858593,41.44469,6.437755
0.30921462,46.705822,7.5134006,43.847466,6.621742
0.25651535,36.58408,7.376377,47.336178,6.8801293
0.42821074,44.87096,10.644864,63.954704,7.9971685
0.6507702,45.62257,10.404904,49.1703,7.0121536
0.6223022,39.119675,9.692639,43.75177,6.614512
0.43588704,55.638233,10.415961,65.21687,8.075696
0.8094251,72.174934,12.169137,85.46478,9.244717
0.6726356,43.524956,11.443008,55.135284,7.425314
0.7004263,41.028744,10.154043,45.038563,6.7110777
0.76878124,52.26647,10.758565,56.206238,7.497082
0.4189249,29.125751,8.634385,39.863155,6.3137274
0.3101786,32.743046,7.632652,29.872131,5.4655404
0.46680015,36.93569,7.2002196,34.820538,5.900893
0.40591046,36.23177,8.069421,37.805046,6.1485806
0.32245123,42.82403,7.901579,43.683956,6.609384
0.32573643,41.86492,9.057349,45.573826,6.7508388
0.436589,36.51444,9.352952,38.43832,6.1998644
0.32213333,31.514254,8.512456,41.982143,6.479363
0.72438663,51.32234,13.504107,89.0138,9.434712
0.74319744,43.97469,13.105621,49.73369,7.0522118
0.7218379,35.57849,11.562889,48.668736,6.976298
0.6162169,38.983814,12.264388,49.568165,7.0404663
1.4014486,42.837578,13.965626,60.11874,7.753628
1.3280829,46.694267,13.985859,53.36749,7.3053055
1.1452112,47.939556,11.460707,46.893143,6.8478565
1.044488,41.849106,12.286483,44.879353,6.6992054
0.77613634,41.12532,11.294115,56.878765,7.541801
0.75812304,34.726738,9.978649,37.57159,6.1295667
0.6844078,38.52471,9.756128,40.25163,6.344417
0.51031435,52.377697,11.383111,74.185265,8.613087
0.2736328,32.672527,6.14389,31.659088,5.626641
0.2739108,31.906351,6.6562033,29.01483,5.3865414
0.36650568,25.203066,6.944471,24.87617,4.9876013
0.2736328,27.209805,6.6037955,29.433903,5.425302
0.49883157,46.70692,10.41547,53.772156,7.33295
0.5709818,37.729813,9.919443,31.803621,5.63947
0.62479836,27.393736,8.876059,28.3842,5.3276825
0.43265942,31.155066,9.407297,31.587347,5.620262
0.68577516,40.82766,11.245298,43.98222,6.6319094
0.83130306,34.998375,11.171485,36.964348,6.079831
0.95850235,35.129295,9.273544,33.529667,5.7904806
1.0687667,39.521736,9.683588,30.797325,5.549534
0.38334736,28.620234,8.214705,27.681803,5.2613497
0.38158828,25.454214,7.0503783,17.737926,4.211642
0.6451111,28.140297,6.923507,21.103266,4.593829
0.4327793,35.118755,8.0766735,33.385403,5.7780104
0.2306856,25.410849,5.2661614,26.995705,5.1957393
0.23095915,23.931175,5.6389008,23.697655,4.8680234
0.28686777,25.827236,5.8491216,20.80841,4.5616236
0.2306856,21.508661,5.7157187,25.463844,5.046171
0.39887634,33.372543,8.935955,42.543377,6.5225286
0.4713246,25.20499,8.376212,25.020464,5.002046
0.514914,27.965853,7.6242895,22.734367,4.768057
0.38737988,28.689667,8.146457,26.600292,5.157547
0.5172594,34.64124,9.934969,38.82016,6.2305827
0.569444,29.668755,9.5666685,29.080374,5.392622
0.62272125,33.433975,8.143501,26.822353,5.17903
0.7255624,38.20822,8.543441,27.1021,5.205968
0.2559632,23.368206,6.840264,19.586966,4.4257164
0.28011316,22.080399,5.9787555,14.543591,3.813606
0.50379956,31.148037,5.812518,17.463297,4.1789107
0.36496046,32.919376,6.816373,24.758438,4.9757853
0.2194227,23.980146,4.655394,23.90442,4.889215
0.21957922,21.664965,4.9781966,20.283695,4.503742
0.25971606,21.266146,5.162422,17.801643,4.219199
0.2194227,21.83806,5.1509757,22.957853,4.7914352
0.3680221,32.753754,7.978439,34.745613,5.894541
0.44509718,24.428455,7.636462,22.630463,4.7571487
0.48381138,23.077358,6.9820166,19.799273,4.4496374
0.37183312,24.581577,7.510979,25.41479,5.0413084
0.4727803,35.313263,9.258419,39.236195,6.2638803
0.50541925,28.955715,8.808252,27.570257,5.2507386
0.5315759,32.947433,7.6313286,24.370981,4.9366975
0.5916081,37.760773,8.099198,27.8973,5.28179
0.19466388,22.157236,6.1432576,18.923294,4.3500915
0.21413527,21.150747,5.331017,14.063705,3.7501607
0.40911722,28.720371,5.1644397,16.045914,4.005735
0.347157,29.836658,6.086684,22.033697,4.6940064
0.075082354,37.55906,5.541098,29.467274,5.4283767
0.07985568,35.83152,6.1579075,28.771383,5.3638964
0.10116377,25.818266,6.382804,24.674347,4.967328
0.07503177,26.094093,6.041874,28.151075,5.3057585
0.31187716,36.944336,9.427376,40.832592,6.3900385
0.31271586,46.92427,9.747543,46.12464,6.7915125
0.321991,32.320526,8.120565,26.97122,5.1933823
0.4325653,42.087532,9.426468,30.515823,5.5241127
1.0448076,41.281986,10.83638,43.369442,6.585548
0.92422926,63.408836,12.463447,81.25933,9.014396
0.89735085,50.1449,9.525218,44.315025,6.656953
0.8270269,37.814503,11.058045,47.17444,6.868365
0.3355734,55.472664,6.9027224,30.147041,5.490632
0.27747467,32.109005,5.8829165,22.488081,4.74216
0.2887136,31.168045,7.064175,36.427555,6.0355244
0.12172546,38.049473,7.736504,50.302376,7.092417
0.106901884,27.026976,4.546735,23.312845,4.8283377
0.10779106,26.980879,4.826699,21.801521,4.66921
0.14318515,24.388308,4.931617,16.965986,4.118979
0.106901884,22.73675,4.887398,21.551308,4.6423388
0.24467246,32.200066,7.309135,27.643469,5.2577057
0.31570148,32.984093,7.382226,25.45296,5.0450926
0.31332606,28.189497,6.28942,17.166548,4.1432533
0.22972775,23.200266,7.221035,19.686174,4.4369106
0.4436675,26.923555,8.504963,29.216484,5.4052277
0.49644384,47.096394,9.631398,43.24401,6.576018
0.6210072,36.09656,7.5209575,27.954142,5.2871675
0.7460712,34.901974,8.457062,27.709421,5.2639737
0.17639811,39.049225,5.4403048,17.70347,4.207549
0.16415888,25.889713,4.6846366,13.651553,3.6948009
0.19920038,25.98299,5.3495526,18.671032,4.320999
0.16914347,26.87718,5.6318398,21.376986,4.623525
0.1455568,24.048845,4.0038834,19.448109,4.410001
0.14585511,22.072943,4.173924,16.71112,4.0879235
0.17742267,22.270922,4.2610126,13.569173,3.6836357
0.1455568,19.89363,4.3474336,18.349194,4.283596
0.2608376,26.343412,6.3478208,21.616892,4.649397
0.29823303,30.674685,6.4729514,20.322521,4.5080504
0.33943132,20.35523,5.6045575,13.838302,3.719987
0.27123576,21.508286,6.3624935,17.284578,4.1574726
0.2895019,27.608995,7.6155586,25.09229,5.0092206
0.39561564,37.659584,8.362101,32.84725,5.731252
0.45630628,28.665052,6.735674,21.283482,4.6134024
0.4952978,32.994396,7.458519,23.612745,4.859295
0.11020084,26.466455,4.8615766,13.825196,3.7182248
0.11139396,22.72717,4.2378693,11.182998,3.3440988
0.24368228,24.547821,4.7011538,14.941578,3.8654337
0.23036474,24.191694,5.0998116,17.86515,4.2267184
0.18852484,21.00993,3.5683672,16.45049,4.0559206
0.1886395,22.239988,3.714269,13.600713,3.6879144
0.22135083,18.569725,3.8003566,11.054157,3.3247793
0.18852484,19.321226,3.9451683,15.684133,3.9603198
0.31920314,22.981321,5.673698,17.71526,4.20895
0.33367187,21.993038,5.8655114,16.348137,4.043283
0.37532678,20.996607,5.2063336,11.920895,3.4526649
0.32507277,21.682936,5.7589817,15.499121,3.9368923
0.30250585,27.958786,7.127413,24.818052,4.981772
0.41070077,30.720507,7.553365,26.922812,5.1887197
0.43499944,23.390968,6.3548265,19.177467,4.3792086
0.45385316,31.691574,6.8430386,22.417442,4.734706
0.09018763,21.536642,4.4739175,12.939413,3.5971396
0.09315948,19.165873,3.910838,10.023291,3.1659582
0.27081034,22.27542,4.2354393,12.506178,3.5364075
0.29838705,22.34882,4.651833,15.498241,3.9367807
0.30302766,34.125286,6.418717,32.36158,5.688724
0.23123237,26.476215,6.329246,28.204115,5.310755
0.2722119,30.727835,6.7832904,27.226038,5.2178574
0.3225348,30.610743,7.1655912,38.56926,6.2104154
0.67159295,26.291449,9.177226,28.494102,5.337987
0.78386015,47.19944,9.914882,50.27863,7.0907426
0.7180491,30.105904,8.390706,27.697784,5.2628684
0.93832314,34.85613,10.314504,41.47182,6.439862
1.2747664,54.98167,11.209083,44.62953,6.680534
0.96711004,58.757614,13.756638,121.32988,11.014984
1.1314273,45.95921,10.914943,42.64559,6.5303593
0.8490294,38.119255,12.486603,55.175766,7.428039
0.6068019,34.578663,6.6920223,25.67352,5.0669045
0.3016054,33.50087,5.776395,25.79952,5.079323
0.54942536,30.45703,7.081682,40.184254,6.339105
0.41044706,29.984169,6.870974,29.474953,5.429084
0.2700329,32.14006,5.1806,25.180319,5.0179996
0.19943441,24.183146,5.112191,22.263762,4.718449
0.20933053,38.615677,5.381525,21.385815,4.62448
0.2089845,44.31526,5.809045,30.361416,5.5101194
0.502227,26.387869,7.2434397,21.87118,4.6766634
0.5692056,39.28864,7.3342867,24.499527,4.9497
0.638759,25.314972,6.4930043,17.670963,4.203685
0.4670492,28.028378,8.0540905,29.464394,5.4281116
0.68040633,37.845085,8.906974,30.44293,5.5175114
0.7283816,46.630543,10.288866,55.574394,7.4548235
0.79201406,32.433434,8.469415,28.19168,5.3095837
0.8176696,33.612827,9.421507,32.57752,5.7076716
0.3555637,22.427925,5.4075522,16.096523,4.0120473
0.19109063,25.93142,4.7889986,16.875734,4.1080084
0.37940446,29.673265,5.53115,20.967413,4.5790186
0.33891568,23.719166,5.182064,16.11681,4.0145745
0.2306856,27.12609,4.539933,22.461313,4.739337
0.16140525,37.50616,4.406849,20.058401,4.4786606
0.17012191,54.363747,4.6154757,20.516506,4.5295153
0.17652006,31.874517,5.0264974,24.925123,4.9925065
0.39483893,23.730036,6.2421985,18.374786,4.286582
0.47113892,26.060555,6.3281407,18.05915,4.2496057
0.52774185,24.734758,5.658825,13.859743,3.7228675
0.44459608,30.679285,7.064475,28.13234,5.3039927
0.56245273,28.505793,7.8757043,26.36869,5.135045
0.5394514,37.855446,8.853093,41.8745,6.4710507
0.5662395,28.705107,7.40205,21.803228,4.6693926
0.58691967,32.609657,8.078909,26.68805,5.1660476
0.26375738,21.136267,4.8593054,13.97899,3.7388487
0.14912368,23.197502,4.2630415,13.691638,3.7002213
0.29656824,23.421413,4.8010983,15.646395,3.9555523
0.30380455,24.754082,4.639793,14.444551,3.8005989
0.2194227,22.879356,4.0433745,20.155706,4.4895105
0.14723408,43.56289,3.9439967,19.037844,4.363238
0.15848641,33.831882,4.0908594,15.047994,3.8791742
0.19827239,28.398035,4.5158744,22.280058,4.7201757
0.36761087,25.900797,5.6892695,17.52745,4.1865797
0.44805357,19.552004,5.7595863,15.660601,3.9573476
0.49537402,27.643818,5.2238774,13.178674,3.6302443
0.40190196,28.112906,6.364554,26.19773,5.1183715
0.5127803,31.058884,7.3883495,26.86227,5.1828823
0.48609066,33.666336,7.9820957,33.909546,5.82319
0.503615,30.317621,7.0075336,22.09408,4.700434
0.5092195,31.327232,7.3429193,25.48349,5.0481176
0.21133126,19.833797,4.5216584,13.688692,3.6998231
0.13193011,21.863811,3.979064,12.521316,3.538547
0.27242053,19.39286,4.34955,13.379212,3.6577606
0.28307953,21.843409,4.288022,13.478727,3.6713386
